City_ID,City,Lat,Lng,Max Temp,Humidity,Cloudiness,Wind Speed,Country,Date
0,ribeira grande,38.5167,-28.7,66.6,94,40,6.91,PT,1684184241
1,tiksi,71.6872,128.8694,30.42,90,100,8.3,RU,1684184246
2,passos,-20.7189,-46.6097,61.11,67,4,2.98,BR,1684184247
3,grytviken,-54.2811,-36.5092,33.62,90,92,8.32,GS,1684184247
4,sarupathar,26.1984,93.8094,67.35,99,82,2.84,IN,1684184247
5,ancud,-41.8697,-73.8203,55.02,92,100,22.24,CL,1684184248
6,margaret river,-33.95,115.0667,55.51,84,46,5.39,AU,1684184248
7,iqaluit,63.7506,-68.5145,35.33,64,100,18.41,CA,1684184248
8,caluula,11.9661,50.7569,85.14,80,4,2.15,SO,1684184248
9,humaita,-7.5061,-63.0208,84.79,67,99,2.33,BR,1684184249
10,tolanaro,-25.0319,46.9987,71.67,88,0,4.61,MG,1684184249
11,mossel bay,-34.1831,22.146,51.73,70,26,1.21,ZA,1684184249
12,edinburgh of the seven seas,-37.0676,-12.3116,60.28,89,100,5.28,SH,1684184249
13,port lincoln,-34.7333,135.8667,57.79,81,37,7.94,AU,1684184250
14,kodiak,57.79,-152.4072,42.31,87,100,13.8,US,1684184250
15,florence,43.7667,11.25,62.28,66,0,10.0,IT,1684184190
16,atafu village,-8.5421,-172.5159,83.05,78,70,8.68,TK,1684184250
17,lauro de freitas,-12.8944,-38.3272,82.42,74,40,5.75,BR,1684184250
18,isafjordur,66.0755,-23.124,32.79,72,69,7.36,IS,1684184251
19,kiiminki,65.1314,25.7974,56.86,74,28,3.89,FI,1684184251
20,ghat,24.9647,10.1728,75.43,14,0,13.51,LY,1684184251
21,khandyga,62.6667,135.6,41.99,83,100,6.55,RU,1684184252
22,port-aux-francais,-49.35,70.2167,41.86,75,55,28.27,TF,1684184252
23,puerto ayora,-0.7393,-90.3518,85.96,85,74,7.0,EC,1684184252
24,avarua,-21.2078,-159.775,78.85,69,20,4.61,CK,1684183996
25,gadzhiyevo,69.2551,33.3362,47.55,78,50,14.52,RU,1684184253
26,adamstown,-25.066,-130.1015,75.78,84,2,23.26,PN,1684184253
27,chornukhyne,48.3278,38.5019,54.57,78,94,5.79,UA,1684184253
28,vernon,50.2581,-119.2691,91.76,26,0,3.44,CA,1684184253
29,constantia,44.1833,28.65,57.88,77,100,13.49,RO,1684184253
30,ushuaia,-54.8,-68.3,49.62,76,75,24.16,AR,1684184254
31,yorkville,41.6411,-88.4473,73.24,36,0,6.91,US,1684184254
32,saint-philippe,-21.3585,55.7679,74.79,81,31,5.23,RE,1684184254
33,iquitos,-3.7481,-73.2472,75.24,94,75,8.05,PE,1684184254
34,ilulissat,69.2167,-51.1,31.5,75,100,6.49,GL,1684184255
35,port isabel,26.0734,-97.2086,81.07,73,75,10.36,US,1684184255
36,srednebelaya,50.6594,128.0106,39.58,62,29,9.31,RU,1684184255
37,polyarnyy,69.1989,33.4478,49.21,76,53,14.79,RU,1684184255
38,jamestown,42.097,-79.2353,65.84,32,0,10.36,US,1684184017
39,luanda,-8.8368,13.2343,80.6,69,0,8.05,AO,1684184256
40,tofol,5.3248,163.0078,83.98,84,75,3.44,FM,1684184256
41,iskateley,67.6803,53.1512,32.2,98,80,5.55,RU,1684184256
42,sitka,57.0531,-135.33,60.69,55,0,17.27,US,1684184256
43,kavieng,-2.5744,150.7967,83.17,78,17,3.65,PG,1684184257
44,thompson,55.7435,-97.8558,73.56,33,40,23.02,CA,1684184257
45,lebu,-37.6167,-73.65,58.6,76,95,15.21,CL,1684184257
46,port mathurin,-19.6833,63.4167,77.9,75,32,15.99,MU,1684184257
47,auki,-8.7676,160.7034,80.6,83,87,1.23,SB,1684184258
48,carauari,-4.8828,-66.8958,81.64,93,99,2.3,BR,1684184258
49,birzebbuga,35.8258,14.5269,63.16,77,75,24.16,MT,1684184258
50,bamboo flat,11.7,92.7167,82.49,83,40,4.61,IN,1684184258
51,rongelap,11.1635,166.8941,81.41,78,100,14.58,MH,1684184258
52,sur,22.5667,59.5289,90.66,52,0,15.55,OM,1684184259
53,puerto natales,-51.7236,-72.4875,48.65,81,100,4.61,CL,1684184259
54,tutoia,-2.7619,-42.2744,79.66,88,14,8.68,BR,1684184259
55,talnakh,69.4865,88.3972,18.99,94,95,7.65,RU,1684184259
56,tazovsky,67.4667,78.7,26.51,96,99,11.74,RU,1684184260
57,viana do castelo,41.6932,-8.8329,60.03,70,100,12.88,PT,1684184260
58,nashville,36.1659,-86.7844,89.91,61,75,8.05,US,1684183948
59,saipan,15.1355,145.701,81.64,100,75,6.91,MP,1684184260
60,mariestad,58.7097,13.8237,56.5,77,82,2.01,SE,1684184034
61,dzhangala,49.2167,50.3333,58.89,63,100,9.15,KZ,1684184261
62,kapuskasing,49.4169,-82.4331,73.49,33,100,16.11,CA,1684184251
63,waitangi,-43.9535,-176.5597,55.81,93,32,5.01,NZ,1684184261
64,peniche,39.3558,-9.3811,62.29,86,93,20.29,PT,1684184194
65,barcelos,41.5388,-8.6151,67.84,65,100,6.91,PT,1684184262
66,balabac,7.9868,117.0645,81.27,82,77,7.18,PH,1684184262
67,barkly west,-28.5354,24.5215,47.48,49,0,9.26,ZA,1684184055
68,invercargill,-46.4,168.35,47.01,95,9,3.0,NZ,1684184262
69,port douglas,-16.4833,145.4667,73.87,86,97,3.38,AU,1684184263
70,port elizabeth,-33.918,25.5701,52.32,94,0,3.44,ZA,1684184263
71,anadyr,64.75,177.4833,18.1,85,0,6.71,RU,1684184263
72,coquimbo,-29.9533,-71.3436,67.73,63,20,12.66,CL,1684184054
73,ust-nera,64.5667,143.2,33.8,89,97,5.06,RU,1684184264
74,stanley,54.868,-1.6985,48.78,86,20,3.44,GB,1684184264
75,al burayqah,30.4062,19.5739,70.07,71,56,25.46,LY,1684184264
76,porto novo,6.4965,2.6036,80.42,81,100,7.0,BJ,1684184264
77,umarkot,25.3616,69.7362,84.09,74,0,14.97,PK,1684184264
78,kadiri,14.1167,78.1667,85.82,37,36,5.97,IN,1684184265
79,quellon,-43.1167,-73.6167,55.65,94,100,11.5,CL,1684184265
80,karangampel,-6.4622,108.4519,78.55,73,49,8.14,ID,1684184265
81,dunedin,-45.8742,170.5036,50.81,69,1,3.0,NZ,1684184265
82,turpan,42.9333,89.1667,75.0,26,1,4.94,CN,1684184266
83,rio grande,-32.035,-52.0986,75.31,78,94,9.01,BR,1684184266
84,bilibino,68.0546,166.4372,20.8,85,74,1.59,RU,1684184267
85,nar'yan-mar,67.6713,53.087,32.43,98,76,5.44,RU,1684184267
86,palangkaraya,-2.2,113.8333,72.16,93,48,1.36,ID,1684184267
87,hotan,37.0997,79.9269,70.5,11,7,5.77,CN,1684184268
88,bredasdorp,-34.5322,20.0403,53.49,88,16,0.69,ZA,1684184269
89,mahanoro,-19.9,48.8,74.39,92,17,8.12,MG,1684184269
90,sept-iles,50.2001,-66.3821,61.32,43,40,21.85,CA,1684184186
91,sa pa,22.3402,103.8441,58.96,97,100,2.46,VN,1684184270
92,selfoss,63.9331,-20.9971,39.04,63,1,8.28,IS,1684184270
93,soio,-6.1349,12.3689,78.35,90,83,7.0,AO,1684184271
94,blackmans bay,-43.0167,147.3167,46.53,75,40,13.51,AU,1684184271
95,qaqortoq,60.7167,-46.0333,42.58,65,97,12.57,GL,1684183864
96,taro,-8.3862,115.28,69.85,93,25,0.65,ID,1684184271
97,papatowai,-46.5619,169.4708,47.97,72,5,7.23,NZ,1684184272
98,amarante do maranhao,-5.5667,-46.7422,75.9,95,99,3.38,BR,1684184054
99,mil'kovo,55.6078,37.7956,55.54,56,88,2.33,RU,1684184272
100,amarpatan,24.3167,80.9833,88.93,21,0,2.73,IN,1684184272
101,st. john's,47.5649,-52.7093,52.16,58,20,26.46,CA,1684184273
102,mitsamiouli,-11.3847,43.2844,80.64,77,57,5.75,KM,1684184273
103,enewetak,11.3474,162.3373,81.72,78,72,16.24,MH,1684184273
104,grafton,42.207,-71.6856,72.79,27,0,16.11,US,1684184273
105,livingstone,-17.8419,25.8543,65.05,47,92,4.18,ZM,1684184274
106,college,64.8569,-147.8028,63.09,31,75,9.22,US,1684184274
107,fengcheng,40.4536,124.0717,54.32,91,52,2.37,CN,1684184274
108,wailua homesteads,22.0669,-159.378,77.79,62,20,12.66,US,1684184274
109,albany,42.6001,-73.9662,72.23,26,61,1.99,US,1684184241
110,astanajapura,-6.8017,108.6311,76.21,78,21,7.25,ID,1684184275
111,pirapozinho,-22.2753,-51.5,78.28,36,0,5.75,BR,1684184275
112,manadhoo,5.7667,73.3833,82.78,79,97,17.2,MV,1684184275
113,lubuklinggau,-3.3,102.8667,72.63,97,97,2.17,ID,1684184276
114,ta`u,-14.2336,-169.5144,81.64,77,31,11.54,AS,1684184276
115,mahibadhoo,3.7833,72.9667,82.74,81,65,19.71,MV,1684184276
116,plombieres,50.735,5.953,51.76,84,100,11.03,BE,1684184276
117,olonkinbyen,70.9221,-8.7187,28.8,95,100,37.0,SJ,1684184276
118,fale old settlement,-9.3852,-171.2468,83.25,77,7,9.19,TK,1684184277
119,yeppoon,-23.1333,150.7333,64.18,93,92,5.48,AU,1684184277
120,santa rita,-7.1139,-34.9781,83.07,74,20,11.5,BR,1684184277
121,rabigh,22.7986,39.0349,85.89,41,0,7.23,SA,1684184277
122,hermanus,-34.4187,19.2345,49.8,81,25,7.49,ZA,1684184278
123,hawaiian paradise park,19.5933,-154.9731,73.9,91,100,9.22,US,1684184278
124,gulf shores,30.246,-87.7008,87.85,64,0,6.91,US,1684184278
125,plastun,44.7561,136.2939,50.02,97,100,1.99,RU,1684184278
126,lompoc,34.6391,-120.4579,77.68,80,100,8.01,US,1684184279
127,yellowknife,62.456,-114.3525,55.92,58,100,9.22,CA,1684184279
128,codrington,-38.2667,141.9667,54.28,70,100,16.44,AU,1684184279
129,nguigmi,14.2495,13.1092,89.87,21,60,3.51,NE,1684184279
130,gumushkhane,40.4603,39.4814,42.66,79,3,1.32,TR,1684184280
131,maxixe,-23.8597,35.3472,67.69,88,1,10.11,MZ,1684184280
132,dakhla,23.6848,-15.958,69.82,73,75,23.02,EH,1684184280
133,tsiombe,-25.3,45.4833,68.23,94,8,5.3,MG,1684184280
134,longyearbyen,78.2186,15.6401,21.04,68,75,20.71,SJ,1684184281
135,nogliki,51.8333,143.1667,42.04,91,83,15.46,RU,1684184281
136,geraldton,-28.7667,114.6,50.41,76,3,10.36,AU,1684184281
137,harstad,68.799,16.5293,45.79,95,99,24.0,NO,1684184281
138,punta santiago,18.1663,-65.7482,89.58,72,75,12.66,PR,1684184282
139,george town,5.4112,100.3354,82.33,94,20,4.61,MY,1684184065
140,asahi,35.7167,140.65,60.19,78,4,11.59,JP,1684184282
141,georgetown,5.4112,100.3354,82.33,94,20,4.61,MY,1684184282
142,ponta delgada,37.7333,-25.6667,65.12,77,20,11.5,PT,1684184283
143,kafanchan,9.5833,8.3,76.53,65,99,4.16,NG,1684184283
144,west island,-12.1568,96.8225,82.38,69,40,12.66,CC,1684184283
145,afaahiti,-17.75,-149.2833,84.07,77,24,6.06,PF,1684184283
146,anjangaon,21.1631,77.3094,89.83,32,0,11.3,IN,1684184284
147,bakanas,44.8081,76.2772,56.77,34,13,19.6,KZ,1684184284
148,bay roberts,47.5999,-53.2648,52.52,58,11,11.99,CA,1684184284
149,pirallahi,40.4723,50.333,60.94,72,100,15.05,AZ,1684184284
150,mizdah,31.4451,12.9801,60.55,55,4,18.3,LY,1684184284
151,broome,42.2506,-75.833,73.17,30,0,12.66,US,1684184285
152,brookings,44.3114,-96.7984,72.1,45,0,5.75,US,1684184285
153,aasiaat,68.7098,-52.8699,30.29,71,100,7.11,GL,1684184285
154,impfondo,1.6381,18.0667,71.58,89,81,3.13,CG,1684184285
155,panj,37.2363,69.0991,78.24,30,100,3.85,TJ,1684184286
156,galliano,29.4422,-90.2992,87.8,61,0,3.44,US,1684184286
157,monte alegre,-2.0078,-54.0692,79.45,93,98,3.6,BR,1684184286
158,nhamunda,-2.1861,-56.7131,84.4,80,77,2.95,BR,1684184007
159,el granada,37.5027,-122.4694,79.07,71,100,9.22,US,1684184287
160,pawayan,28.0667,80.1,85.87,14,0,2.75,IN,1684184287
161,sangin,32.0728,64.8359,75.81,31,0,6.64,AF,1684184287
162,taquara,-29.6506,-50.7806,73.11,80,96,3.15,BR,1684184079
163,yuanping,38.7153,112.7575,66.02,36,10,1.3,CN,1684184288
164,lata,40.1629,-8.3327,63.91,82,100,2.13,PT,1684184288
165,santyoku,37.4406,129.1708,63.01,71,0,9.53,KR,1684184288
166,makokou,0.5738,12.8642,74.1,92,88,2.64,GA,1684184288
167,nemuro,43.3236,145.575,42.96,97,100,6.62,JP,1684184288
168,kittila,67.6647,24.8936,51.94,66,0,4.61,FI,1684184289
169,luderitz,-26.6481,15.1594,62.08,48,0,3.53,NA,1684184289
170,inhambane,-23.865,35.3833,68.47,87,1,10.92,MZ,1684184290
171,wuyishan,28.0047,117.8114,70.11,68,100,5.95,CN,1684184291
172,san julian,21.0167,-102.1667,76.68,23,92,9.62,MX,1684184292
173,namdrik,5.5994,168.1028,81.77,79,97,14.38,MH,1684184292
174,suntar,62.1444,117.6319,34.74,76,89,3.13,RU,1684184292
175,broken hill,-31.95,141.4333,51.82,59,0,5.75,AU,1684184293
176,richards bay,-28.783,32.0377,64.17,80,80,7.83,ZA,1684184293
177,keflavik,64.0049,-22.5624,40.91,65,20,6.91,IS,1684184293
178,constitucion,-35.3333,-72.4167,58.68,86,99,5.03,CL,1684184293
179,harper,4.375,-7.7169,78.75,88,100,9.06,LR,1684184294
180,westport,41.1415,-73.3579,78.89,32,0,16.11,US,1684184294
181,carnarvon,-24.8667,113.6333,65.97,44,2,11.74,AU,1684184294
182,koryazhma,61.3143,47.1691,50.5,61,64,3.65,RU,1684184294
183,san antonio de pale,-1.4014,5.6325,81.95,83,97,14.76,GQ,1684184295
184,gurupi,-11.7292,-49.0686,81.91,63,77,5.23,BR,1684184295
185,bethel,41.3712,-73.414,77.2,30,0,13.8,US,1684183909
186,saint-pierre,-21.3393,55.4781,74.88,78,0,5.75,RE,1684184295
187,kalat,29.0225,66.5916,64.98,35,37,5.75,PK,1684184296
188,akureyri,65.6835,-18.0878,31.93,69,75,13.8,IS,1684184296
189,uturoa,-16.7333,-151.4333,81.18,74,3,5.61,PF,1684184296
190,paracuru,-3.41,-39.0306,83.1,83,5,10.07,BR,1684184297
191,sakaiminato,35.55,133.2333,55.38,100,20,3.44,JP,1684184297
192,ha tinh,18.3333,105.9,76.46,84,99,3.22,VN,1684184297
193,bekondo,4.6819,9.3214,73.17,98,100,3.18,CM,1684184297
194,port macquarie,-31.4333,152.9167,56.89,92,100,4.23,AU,1684184298
195,steinbach,50.1667,8.5667,59.9,71,0,8.05,DE,1684184298
196,chibougamau,49.9168,-74.3659,53.22,71,75,11.5,CA,1684184298
197,arish,31.1316,33.7984,68.79,83,20,5.73,EG,1684184298
198,entebbe,0.0644,32.4469,77.32,78,20,6.91,UG,1684184227
199,barra do bugres,-15.0725,-57.1811,76.48,69,0,1.95,BR,1684184299
200,carbonear,47.7332,-53.2148,52.61,65,11,15.19,CA,1684184299
201,tura,25.5198,90.2201,69.55,92,0,4.45,IN,1684184299
202,margate,51.3813,1.3862,51.69,74,6,5.99,GB,1684184299
203,laguna,38.421,-121.4238,89.64,44,0,8.05,US,1684184300
204,sao felix do xingu,-6.6447,-51.995,78.67,88,80,3.06,BR,1684184300
205,vorgashor,67.5833,63.95,26.15,91,97,15.14,RU,1684184300
206,ikaalinen,61.7695,23.0658,60.98,61,100,2.71,FI,1684184301
207,sao miguel do tapuio,-5.5036,-41.3233,80.67,67,51,3.98,BR,1684184301
208,mandla,22.6,80.3833,85.35,27,4,0.76,IN,1684184301
209,kiunga,-6.1219,141.2906,72.63,100,100,2.59,PG,1684183865
210,paita,-5.0892,-81.1144,79.34,70,83,14.18,PE,1684184301
211,yichun,47.7,128.9,40.33,36,52,3.65,CN,1684184302
212,rubtsovsk,51.5,81.25,49.48,51,52,7.29,RU,1684184302
213,minas de marcona,-15.2119,-75.1103,65.35,69,13,13.85,PE,1684184302
214,troy,42.6056,-83.1499,77.58,33,0,1.99,US,1684183893
215,taltal,-25.4,-70.4833,65.77,81,42,4.79,CL,1684184303
216,anna regina,7.2644,-58.5077,80.4,85,98,10.38,GY,1684184303
217,yaren,-0.5472,166.916,83.35,78,79,12.41,NR,1684184303
218,beloyarskiy,63.7119,66.6722,36.34,71,18,13.0,RU,1684184304
219,badger,64.8,-147.5333,63.0,32,40,9.22,US,1684184304
220,claveria,18.6074,121.0832,78.24,86,100,3.83,PH,1684184304
221,sisimiut,66.9395,-53.6735,36.16,67,100,6.49,GL,1684184304
222,narasapur,16.45,81.6667,87.84,51,29,0.36,IN,1684184304
223,hadibu,12.65,54.0333,85.71,80,65,9.31,YE,1684184305
224,nahavand,34.1885,48.377,48.02,38,0,2.44,IR,1684184305
225,nova olinda do norte,-3.8881,-59.0942,79.05,94,100,2.44,BR,1684184305
226,irece,-11.3042,-41.8558,77.83,62,96,7.25,BR,1684184032
227,vanimo,-2.6741,141.3028,79.18,89,100,5.14,PG,1684184306
228,ozd,48.2167,20.3,53.98,98,100,2.44,HU,1684184306
229,novyy urengoy,66.0833,76.6333,25.95,94,93,14.65,RU,1684184306
230,holualoa,19.6228,-155.9522,79.56,74,0,11.5,US,1684184306
231,chonchi,-42.6128,-73.8092,54.61,94,100,8.95,CL,1684184307
232,onega,63.9061,38.1404,50.65,70,27,4.68,RU,1684184307
233,yola,9.2,12.4833,87.42,49,100,6.13,NG,1684184307
234,nantai,40.9241,122.8044,59.04,81,42,14.88,CN,1684184307
235,salalah,17.0151,54.0924,83.91,81,10,7.38,OM,1684184308
236,nenjiang,49.1833,125.2167,44.15,38,82,7.07,CN,1684184308
237,nueva gerona,21.8833,-82.8,84.83,60,99,7.14,CU,1684184308
238,turuvekere,13.1642,76.6667,76.75,67,50,5.97,IN,1684184308
239,barra de santo antonio,-9.4047,-35.5072,78.08,77,100,7.92,BR,1684184308
240,hamilton,39.1834,-84.5333,76.08,58,91,1.99,US,1684183944
241,novo aripuana,-5.1206,-60.3797,80.28,94,100,2.73,BR,1684184309
242,camana,-16.6228,-72.7111,70.36,83,15,7.18,PE,1684184309
243,bubaque,11.2833,-15.8333,79.9,73,100,18.19,GW,1684184309
244,cockburn town,21.4612,-71.1419,80.44,79,95,10.56,TC,1684184310
245,gobabis,-22.45,18.9667,61.66,55,78,7.74,NA,1684184310
246,conception bay south,47.4999,-52.9981,51.93,60,4,16.6,CA,1684184165
247,santa ana,33.7456,-117.8678,86.36,71,75,10.36,US,1684184310
248,pisco,-13.7,-76.2167,73.45,73,0,16.11,PE,1684184310
249,saldanha,-33.0117,17.9442,55.45,85,3,11.25,ZA,1684184311
250,karratha,-20.7377,116.8463,67.82,39,25,8.3,AU,1684184311
251,ketchikan,55.3422,-131.6461,66.67,55,0,12.66,US,1684184311
252,ringkobing,56.0901,8.244,49.01,83,100,16.73,DK,1684184311
253,bikenibeu village,1.3673,173.1241,82.36,83,75,4.61,KI,1684184312
254,aykhal,66.0,111.5,22.96,92,78,3.44,RU,1684184312
255,sompeta,18.9333,84.6,81.72,90,24,8.3,IN,1684184313
256,dapa,9.7594,126.0531,81.57,79,70,2.48,PH,1684184313
257,puerto deseado,-47.7503,-65.8938,60.75,54,100,15.95,AR,1684184314
258,severo-yeniseyskiy,60.3725,93.0408,20.25,97,100,4.03,RU,1684184315
259,tralee,52.2704,-9.7026,45.5,87,29,4.14,IE,1684184315
260,itupiranga,-5.1347,-49.3267,84.52,95,78,2.91,BR,1684184177
261,fort mcmurray,56.7268,-111.381,83.79,28,0,6.91,CA,1684184316
262,lorengau,-2.0226,147.2712,82.36,81,73,9.08,PG,1684184316
263,embi,48.8264,58.1442,54.81,38,100,14.92,KZ,1684184316
264,bermejillo,25.8833,-103.6167,82.04,29,39,6.55,MX,1684184317
265,prince george,53.9166,-122.753,86.25,34,0,2.3,CA,1684184317
266,altai,46.3722,96.2583,36.61,54,73,4.81,MN,1684184317
267,moroto,2.5345,34.6666,71.26,69,94,4.34,UG,1684184317
268,tekirova,36.5017,30.5272,68.99,57,4,3.51,TR,1684184318
269,hobyo,5.3505,48.5268,80.92,80,94,23.35,SO,1684184318
270,hasaki,35.7333,140.8333,60.22,80,6,17.47,JP,1684184290
271,dudinka,69.4058,86.1778,21.2,90,98,10.69,RU,1684184319
272,el dorado,38.7666,-120.5177,82.8,36,4,3.0,US,1684184319
273,melekeok village,7.4957,134.6367,77.56,94,100,5.75,PW,1684184319
274,port alfred,-33.5906,26.891,57.94,79,2,6.31,ZA,1684184319
275,mount isa,-20.7333,139.5,60.57,67,11,9.22,AU,1684184319
276,praia da vitoria,38.7333,-27.0667,70.05,78,20,2.91,PT,1684184180
277,ivins,37.1686,-113.6794,91.67,17,2,5.99,US,1684184320
278,kourou,5.1552,-52.6478,82.45,86,76,9.15,GF,1684184320
279,sodankyla,67.4167,26.6,52.21,77,30,7.96,FI,1684184320
280,kuta,-8.7233,115.1723,77.0,78,40,3.44,ID,1684184321
281,chervonohrad,50.391,24.2351,54.88,97,100,7.45,UA,1684184321
282,polur,12.5,79.1333,89.08,48,59,3.78,IN,1684184321
283,parfino,57.9731,31.6481,51.75,66,7,6.51,RU,1684184321
284,utrik,11.2278,169.8474,81.32,80,99,15.9,MH,1684184321
285,villa gesell,-37.2639,-56.973,59.05,73,25,11.92,AR,1684184322
286,udachny,66.4167,112.4,32.45,86,95,2.04,RU,1684184322
287,lazaro cardenas,17.9583,-102.2,86.95,53,0,11.1,MX,1684184322
288,cidreira,-30.1811,-50.2056,66.96,72,59,8.61,BR,1684184323
289,lihue,21.9789,-159.3672,78.39,61,20,12.66,US,1684184323
290,vilyuysk,63.7553,121.6247,38.43,87,100,10.51,RU,1684184323
291,as sulayyil,20.4607,45.5779,89.85,14,0,14.56,SA,1684184323
292,san antonio,29.4241,-98.4936,88.11,62,0,4.61,US,1684184068
293,kristiansund,63.1115,7.732,48.25,81,75,8.05,NO,1684184324
294,cabo san lucas,22.8909,-109.9124,85.6,60,48,12.64,MX,1684184324
295,nyurba,63.2842,118.3319,36.16,77,100,2.75,RU,1684184324
296,queenstown,-31.8976,26.8753,44.74,85,1,3.27,ZA,1684184325
297,arraial do cabo,-22.9661,-42.0278,73.26,73,0,13.8,BR,1684184111
298,yeed,4.55,43.0333,83.66,46,77,16.98,SO,1684184325
299,hammerfest,70.6634,23.6821,52.25,58,0,9.22,NO,1684184325
300,umm kaddadah,13.6017,26.6876,86.23,10,1,9.64,SD,1684184325
301,newman,37.3138,-121.0208,90.23,35,0,4.0,US,1684184326
302,saint-felix-de-valois,46.1668,-73.4324,68.05,28,100,10.0,CA,1684184326
303,mount gambier,-37.8333,140.7667,52.63,76,100,9.75,AU,1684184326
304,whitehorse,60.7161,-135.0538,60.1,26,20,4.61,CA,1684184326
305,carutapera,-1.195,-46.02,80.13,85,13,8.23,BR,1684184327
306,taoudenni,22.6783,-3.9836,90.54,9,45,12.03,ML,1684184327
307,buka,40.8108,69.1986,74.26,32,100,4.23,UZ,1684184327
308,howard springs,-12.497,131.047,75.11,84,97,4.56,AU,1684184327
309,kankanhalli,12.55,77.4167,76.46,70,10,3.69,IN,1684184327
310,lisala,2.15,21.5167,72.5,69,71,1.88,CD,1684184328
311,yelwa,8.8333,9.6333,84.72,62,100,6.15,NG,1684184328
312,salekhard,66.53,66.6019,26.94,83,18,11.61,RU,1684184328
313,ebon,4.582,168.6964,78.1,88,100,8.5,MH,1684184328
314,kone,-21.0595,164.8658,73.2,74,67,5.68,NC,1684184329
315,la passe,45.5549,-0.8967,57.43,92,100,11.88,FR,1684184329
316,snowflake,34.5134,-110.0785,75.92,26,67,3.15,US,1684184329
317,callao,-12.0667,-77.15,77.29,65,20,11.5,PE,1684184329
318,san juan pueblo,15.5833,-87.2333,84.76,82,100,5.55,HN,1684184329
319,carlsbad,33.1581,-117.3506,84.34,80,100,6.91,US,1684184330
320,la ronge,55.1001,-105.2842,71.85,30,100,8.05,CA,1684184330
321,tobelo,1.7284,128.0095,79.92,83,60,3.87,ID,1684184330
322,tshabong,-26.05,22.45,56.91,43,0,7.45,BW,1684184330
323,faverges,45.7475,6.293,55.71,85,53,3.56,FR,1684184331
324,crucecita,-28.95,-58.9833,70.61,52,0,7.02,AR,1684184331
325,gilroy,37.0058,-121.5683,82.09,52,0,6.91,US,1684184331
326,yashkul',46.1711,45.3435,58.28,81,32,3.85,RU,1684184331
327,diamante,-32.0664,-60.6384,75.47,45,0,7.27,AR,1684184331
328,peace river,56.2501,-117.286,82.71,26,100,11.5,CA,1684184332
329,mar del plata,-38.0023,-57.5575,63.09,77,0,10.36,AR,1684184053
330,haiku-pauwela,20.9219,-156.3051,77.16,65,40,17.27,US,1684184332
331,siracusa,37.0881,15.2792,61.97,87,48,12.33,IT,1684184332
332,susuman,62.7833,148.1667,36.28,66,99,6.58,RU,1684184333
333,luwuk,-0.9516,122.7875,76.73,90,61,3.67,ID,1684184333
334,renon - ritten,46.5415,11.4573,49.5,83,48,5.73,IT,1684184333
335,dar kulayb,26.0686,50.5039,84.15,47,91,10.85,BH,1684184333
336,zalesovo,53.9939,84.7431,46.22,68,100,8.01,RU,1684184334
337,cooma,-36.2333,149.1333,36.43,86,0,2.19,AU,1684184334
338,paradip garh,20.3167,86.6167,83.41,92,75,8.37,IN,1684184334
339,saynshand,44.8824,110.1163,50.32,40,33,23.98,MN,1684184334
340,midvagur,62.0511,-7.1939,45.43,81,100,21.85,FO,1684184331
341,nadi,-17.8,177.4167,73.4,83,75,5.75,FJ,1684184335
342,urucara,-2.5364,-57.76,80.53,94,100,2.1,BR,1684184335
343,noumea,-22.2763,166.4572,75.0,99,76,12.77,NC,1684184335
344,kingston,17.997,-76.7936,90.25,64,40,20.71,JM,1684184335
345,hithadhoo,-0.6,73.0833,83.26,80,97,17.9,MV,1684184336
346,summerland,49.5998,-119.6691,90.25,29,20,2.3,CA,1684184336
347,klyuchi,52.2667,79.1667,49.53,62,17,6.06,RU,1684184336
348,rancho mirage,33.7397,-116.4128,101.44,13,0,7.0,US,1684184336
349,alesund,62.4723,6.1549,48.33,86,40,9.22,NO,1684184336
350,ornskoldsvik,63.2909,18.7153,45.55,93,14,2.3,SE,1684184337
351,siesta key,27.302,-82.5515,92.28,59,20,16.11,US,1684184337
352,sona,45.4388,10.8255,60.58,79,20,6.91,IT,1684184337
353,kayangel,8.0823,134.7173,77.86,92,100,3.51,PW,1684184337
354,petropavlovsk-kamchatsky,53.0452,158.6483,46.99,76,0,6.71,RU,1684184072
355,lethem,3.3803,-59.7968,86.81,69,99,3.83,GY,1684184338
356,inarajan village,13.2736,144.7484,83.37,95,77,12.37,GU,1684184338
357,kapa'a,22.0752,-159.319,79.12,61,20,12.66,US,1684184244
358,axim,4.8699,-2.2405,77.63,86,100,1.72,GH,1684184339
359,lafiagi,8.8667,5.4167,81.0,77,74,6.51,NG,1684184339
360,fougamou,-1.2154,10.5838,76.5,97,66,2.13,GA,1684184339
361,greymouth,-42.4667,171.2,45.46,84,35,5.3,NZ,1684184340
362,arteche,12.2645,125.4048,76.68,92,27,3.18,PH,1684184341
363,sterling,39.0062,-77.4286,77.25,43,40,5.99,US,1684184219
364,malango,-2.9627,119.9001,65.37,97,98,2.71,ID,1684184342
365,shijiang,27.0819,110.7933,70.23,81,76,1.45,CN,1684184342
366,crane,31.3974,-102.3501,80.62,38,99,6.82,US,1684184342
367,saint-joseph,-21.3667,55.6167,73.78,84,35,4.03,RE,1684184343
368,necochea,-38.5473,-58.7368,62.35,63,23,9.42,AR,1684184343
369,la'ie,21.6477,-157.9253,78.76,60,22,4.0,US,1684184343
370,nuku'alofa,-21.1333,-175.2,70.14,94,100,10.36,TO,1684184344
371,homer,59.6425,-151.5483,50.77,55,100,9.22,US,1684184344
372,east london,-33.0153,27.9116,58.84,81,0,5.28,ZA,1684184344
373,sandviken,60.6167,16.7667,55.11,72,94,3.74,SE,1684184344
374,edgewater,28.9889,-80.9023,88.09,58,20,12.66,US,1684184345
375,ola,59.5833,151.2833,43.14,58,90,11.99,RU,1684184345
376,great falls,47.5002,-111.3008,76.68,44,0,0.0,US,1684184340
377,eydhafushi,5.1033,73.0708,83.1,78,100,21.16,MV,1684184345
378,strathmore,51.0501,-113.3852,79.86,41,0,16.11,CA,1684184346
379,orapa,-21.2833,25.3667,69.13,50,47,14.67,BW,1684184346
380,san felipe,10.3399,-68.7425,88.54,52,100,3.36,VE,1684184346
381,punta arenas,-53.15,-70.9167,48.31,71,0,13.8,CL,1684184346
382,mendeleyevsk,55.9082,52.2905,52.84,70,31,6.91,RU,1684184347
383,sunne,59.8376,13.143,55.72,85,91,1.86,SE,1684184347
384,sydney mines,46.2367,-60.2177,62.15,51,75,17.27,CA,1684184347
385,zeya,53.75,127.2667,40.28,91,100,2.91,RU,1684184347
386,qashyr,53.0675,76.1036,49.41,67,16,7.05,KZ,1684184347
387,cannonvale,-20.2833,148.7,70.99,83,100,5.35,AU,1684184348
388,happy valley-goose bay,53.3168,-60.3315,44.91,87,100,10.36,CA,1684184348
389,mailsi,29.8003,72.1758,91.83,26,100,15.3,PK,1684184348
390,kaa-khem,51.6833,94.7333,37.02,63,62,4.43,RU,1684184348
391,bengkulu,-3.8004,102.2655,75.79,92,23,4.09,ID,1684184349
392,sechura,-5.5569,-80.8222,84.61,56,64,12.3,PE,1684184349
393,naze,28.3667,129.4833,61.72,74,100,1.92,JP,1684184347
394,luau,-10.7073,22.2247,66.49,52,89,2.3,AO,1684184350
395,hincesti,46.8258,28.5936,54.97,65,98,11.34,MD,1684184350
396,acarau,-2.8856,-40.12,80.37,84,5,13.27,BR,1684184175
397,atar,20.5169,-13.0499,96.87,12,73,9.26,MR,1684184350
398,lautoka,-17.6167,177.4667,73.26,83,75,5.75,FJ,1684184351
399,binhe,32.6883,112.8275,73.99,64,100,10.42,CN,1684184351
400,antonio enes,-16.2325,39.9086,74.46,71,16,7.81,MZ,1684184351
401,isangel,-19.55,169.2667,75.31,83,75,0.0,VU,1684184318
402,bouna,9.2667,-3.0,75.92,76,100,2.91,CI,1684184352
403,sondrio,46.169,9.8692,58.05,77,41,8.3,IT,1684184352
404,grand-bassam,5.2118,-3.7388,75.16,91,100,3.89,CI,1684184352
405,castillos,-34.1667,-53.8333,58.15,77,66,5.79,UY,1684184352
406,kapustin yar,48.5831,45.7372,54.37,89,99,2.89,RU,1684184353
407,hilo,19.7297,-155.09,74.12,85,100,9.22,US,1684184111
408,charters towers,-20.1,146.2667,65.14,74,97,6.82,AU,1684184353
409,mogocha,53.7333,119.7667,27.64,91,78,3.8,RU,1684184353
410,waingapu,-9.6567,120.2641,70.41,78,11,4.43,ID,1684184354
411,nichinan,31.6,131.3667,60.48,75,0,3.38,JP,1684184354
412,el reno,35.5323,-97.955,69.55,85,100,13.8,US,1684184354
413,gunjur,13.2019,-16.7339,77.07,78,0,6.91,GM,1684184354
414,fairfax,38.8501,-77.3497,76.78,41,40,4.61,US,1684184258
415,isabela,6.7085,121.9711,80.2,83,71,1.77,PH,1684184355
416,cestos city,5.46,-9.5828,78.73,89,100,7.63,LR,1684184355
417,vilcun,-38.65,-72.2333,63.34,67,10,8.12,CL,1684184355
418,angaur state,6.906,134.13,81.09,83,100,9.86,PW,1684184355
419,meadow lakes,61.6247,-149.6011,57.54,37,100,4.61,US,1684184356
420,palikir - national government center,6.9248,158.1611,79.54,89,100,4.61,FM,1684184356
421,port arthur,38.8,121.2667,55.62,81,0,11.23,CN,1684184356
422,luza,60.6308,47.2512,49.93,66,81,3.33,RU,1684184356
423,tiruchchendur,8.4833,78.1167,84.34,79,100,15.03,IN,1684184357
424,papao,-17.75,-149.55,85.68,78,46,3.6,PF,1684184357
425,gizo,-8.103,156.8419,82.58,76,94,0.58,SB,1684184342
426,fortuna,40.5982,-124.1573,62.65,89,0,11.5,US,1684184172
427,labasa,-16.4167,179.3833,72.7,93,100,8.37,FJ,1684184328
428,el jadid,33.2549,-8.506,65.26,79,0,12.17,MA,1684184358
429,andergrove,-21.0833,149.1833,67.64,86,92,7.11,AU,1684184358
430,kafranbel,35.6138,36.5645,67.71,35,0,3.4,SY,1684184358
431,svobodnyy,51.4,128.1333,41.9,71,66,9.82,RU,1684184359
432,namibe,-15.1961,12.1522,70.66,75,86,7.09,AO,1684184359
433,lerma,42.0261,-3.7598,46.96,83,43,17.74,ES,1684184359
434,sheridan,44.8333,-106.9173,71.98,50,0,13.8,US,1684184359
435,anna,51.4842,40.4299,48.79,85,69,6.38,RU,1684184359
436,elliot lake,46.3834,-82.6331,68.04,32,89,14.38,CA,1684184360
437,notodden,59.5594,9.2585,57.22,83,100,1.01,NO,1684184360
438,i-n-salah,27.1935,2.4607,75.49,13,0,11.99,DZ,1684184360
439,prien,30.1819,-93.2738,90.01,59,40,6.91,US,1684184360
440,lospalos,-8.5186,127.0025,67.66,92,8,4.32,TL,1684184361
441,san pedro pochutla,15.7333,-96.4667,87.71,51,99,7.72,MX,1684184361
442,madimba,-10.4,40.3333,76.32,94,20,11.5,TZ,1684184361
443,nikolayevsk-on-amure,53.1406,140.73,49.55,85,98,11.01,RU,1684184361
444,helena valley southeast,46.6153,-111.9216,78.57,41,0,12.66,US,1684184362
445,touros,-5.1989,-35.4608,77.79,89,15,10.87,BR,1684184222
446,bodaybo,57.8506,114.1933,26.74,81,16,2.19,RU,1684184362
447,port-gentil,-0.7193,8.7815,81.59,84,91,12.26,GA,1684184363
448,kimbe,-5.5502,150.1429,77.27,93,100,2.84,PG,1684184364
449,malmberget,67.1753,20.6549,48.7,80,63,5.95,SE,1684184364
450,miri,4.4148,114.0089,77.14,94,40,2.3,MY,1684184365
451,howrah,22.5892,88.3103,77.0,83,40,5.75,IN,1684184365
452,izamal,20.9333,-89.0167,91.36,41,39,7.14,MX,1684184365
453,freetown,8.484,-13.2299,82.11,74,40,10.36,SL,1684184157
454,takoradi,4.8845,-1.7554,78.17,85,100,4.34,GH,1684184205
455,mejit,10.2753,170.8646,81.54,78,83,17.54,MH,1684184335
456,guelmim,28.987,-10.0574,71.94,53,0,8.05,MA,1684184366
457,coristanco,43.2,-8.75,56.68,74,90,8.97,ES,1684184367
458,alto araguaia,-17.3147,-53.2153,71.44,55,0,3.71,BR,1684184367
459,kruisfontein,-34.0033,24.7314,52.18,86,6,3.04,ZA,1684184367
460,wewak,-3.5534,143.6268,78.89,91,89,4.23,PG,1684184367
461,chos malal,-37.3781,-70.2709,73.99,21,99,6.02,AR,1684184368
462,turgen,43.4006,77.5933,51.93,53,3,7.2,KZ,1684184368
463,mahina,-17.5065,-149.489,85.77,66,20,9.22,PF,1684184368
464,oume,35.7839,139.2431,57.81,89,0,3.44,JP,1684184368
465,kargasok,59.0556,80.8572,39.38,56,94,9.33,RU,1684184368
466,jijiga,9.35,42.8,65.93,82,20,5.82,ET,1684184369
467,san miguel,13.4833,-88.1833,99.9,31,79,5.46,SV,1684184369
468,lerwick,60.1545,-1.1494,48.2,85,37,13.13,GB,1684184369
469,mehekar,20.15,76.5667,86.43,32,0,15.21,IN,1684184369
470,jalingo,8.8833,11.3667,84.51,61,100,6.08,NG,1684184370
471,mindelo,16.8901,-24.9804,74.75,64,20,21.85,CV,1684184370
472,qarqaraly,49.4058,75.4742,43.38,37,99,2.64,KZ,1684184370
473,sint michiel liber,12.15,-68.9833,85.82,70,40,17.27,CW,1684184370
474,darzab,35.9774,65.3783,60.84,66,98,3.02,AF,1684184371
475,cole harbour,44.6724,-63.4751,69.19,40,75,13.8,CA,1684184371
476,tarnogskiy gorodok,60.4997,43.5761,50.86,58,100,2.86,RU,1684184371
477,laascaanood,8.4774,47.3597,80.08,62,18,19.26,SO,1684184371
478,istmina,5.1605,-76.684,78.85,94,98,2.75,CO,1684184372
479,maluso,6.543,121.8753,81.28,82,58,0.27,PH,1684184372
480,flying fish cove,-10.4217,105.6791,78.48,69,75,9.22,CX,1684184372
481,maceio,-9.6658,-35.7353,78.24,88,20,6.91,BR,1684184372
482,saurimo,-9.6608,20.3916,69.19,53,16,3.67,AO,1684184372
483,almodovar del campo,38.7094,-4.1791,64.53,38,76,11.95,ES,1684184373
484,edeia,-17.3383,-49.9314,71.08,48,0,3.09,BR,1684184373
485,grand falls-windsor,48.9332,-55.6649,54.5,50,99,5.01,CA,1684184373
486,north ward,-19.2454,146.8075,69.71,94,75,0.0,AU,1684184373
487,springbok,-29.6643,17.8865,54.25,46,0,8.41,ZA,1684184374
488,abqaiq,25.9371,49.6776,83.3,18,100,5.7,SA,1684184374
489,comodoro rivadavia,-45.8667,-67.5,69.66,32,0,0.0,AR,1684184140
490,fisterra,42.9049,-9.2629,58.01,76,100,19.69,ES,1684184375
491,horta,38.5333,-28.6333,65.84,94,40,6.91,PT,1684184375
492,baruun-urt,46.6806,113.2792,33.91,60,91,23.51,MN,1684184375
493,neftcala,39.3742,49.2472,55.15,81,94,3.67,AZ,1684184375
494,ruelle-sur-touvre,45.6833,0.2333,56.68,83,100,5.75,FR,1684184376
495,muisne,0.6,-80.0333,81.41,80,95,11.41,EC,1684184376
496,remire-montjoly,4.9167,-52.2667,82.44,78,75,11.5,GF,1684184376
497,islamorada,24.9243,-80.6278,82.0,82,29,5.99,US,1684184107
498,palmer,42.1584,-72.3287,73.89,26,100,12.66,US,1684184376
499,sinabang,2.4803,96.3801,80.49,84,99,5.77,ID,1684184377
500,hastings,50.8552,0.5729,51.53,36,38,10.2,GB,1684184377
501,dhidhdhoo,6.8833,73.1,79.99,85,100,12.39,MV,1684184377
502,barranca,-10.75,-77.7667,73.53,72,29,9.37,PE,1684184377
503,sinazongwe,-17.2614,27.4618,71.24,47,12,2.82,ZM,1684184378
504,mirpur sakro,24.5474,67.6277,82.38,82,50,15.26,PK,1684184378
505,mut,36.6439,33.4389,71.26,41,1,7.23,TR,1684184378
506,olinda,-8.0089,-34.8553,82.13,69,40,6.91,BR,1684184378
507,masterton,-40.9597,175.6575,49.51,94,91,3.49,NZ,1684184379
508,dhuusamarreeb,5.535,46.3861,83.12,52,100,15.84,SO,1684184379
509,posse,-14.0931,-46.3694,80.02,45,100,3.09,BR,1684184379
510,mutuali,-14.8706,37.0044,69.76,66,98,3.15,MZ,1684184379
511,puchov,49.1249,18.326,52.52,95,100,1.7,SK,1684184379
512,portland,45.5234,-122.6762,91.53,35,20,4.61,US,1684183875
513,soeng sang,14.4264,102.4606,77.22,78,9,6.35,TH,1684184380
514,moussoro,13.6408,16.4901,98.13,17,5,3.78,TD,1684184385
515,chifeng,42.2683,118.9636,61.63,44,3,1.57,CN,1684184385
516,olhao,37.0286,-7.8411,71.49,49,0,14.97,PT,1684184386
517,coruripe,-10.1256,-36.1756,78.6,78,85,9.08,BR,1684184386
518,novyy urgal,51.0736,132.5642,40.77,78,33,4.97,RU,1684184386
519,quepos,9.4236,-84.1652,80.2,86,100,11.79,CR,1684184387
520,brownfield,33.1812,-102.2744,71.38,52,87,10.45,US,1684184387
521,samho-rodongjagu,39.9475,127.8711,59.58,77,35,5.77,KP,1684184387
522,rayleigh,51.5857,0.6046,52.93,71,13,1.01,GB,1684184272
523,hinton,53.4001,-117.5857,84.38,21,3,3.51,CA,1684184350
524,lewistown,40.5992,-77.5714,80.87,59,0,9.22,US,1684184388
525,bronkhorstspruit,-25.8102,28.7425,54.79,91,98,10.16,ZA,1684184388
526,mahdia,35.5047,11.0622,62.55,70,38,22.12,TN,1684184389
527,hami,42.8,93.45,62.73,46,82,9.55,CN,1684184389
528,brechin,56.7299,-2.6573,49.35,75,76,4.74,GB,1684184389
529,ojinaga,29.5667,-104.4167,70.75,78,40,11.5,MX,1684184389
530,kutoarjo,-7.7169,109.9128,72.21,87,8,5.1,ID,1684184390
531,thunder bay,48.4001,-89.3168,76.98,23,100,14.97,CA,1684184090
532,new norfolk,-42.7826,147.0587,47.71,64,59,3.0,AU,1684184390
533,brisas de zicatela,15.8369,-97.0419,88.05,60,93,8.14,MX,1684184390
534,panuco,22.05,-98.1667,90.03,48,5,6.85,MX,1684184391
535,fort bragg,35.139,-79.006,82.9,32,40,10.36,US,1684184391
536,kilembe,0.2,30.0,63.36,80,91,4.63,UG,1684184391
537,mumbwa,-14.9783,27.0619,62.38,50,5,4.56,ZM,1684184391
538,martapura,-3.4167,114.85,75.29,100,29,2.3,ID,1684184392
539,sandnessjoen,66.0217,12.6316,48.72,87,75,11.5,NO,1684184392
540,fort st. john,56.2499,-120.8529,76.89,36,75,3.44,CA,1684184147
541,vilyuchinsk,52.9306,158.4028,48.47,80,17,4.07,RU,1684184392
542,vanino,49.0869,140.2543,43.03,97,100,5.06,RU,1684184393
543,ballina,-28.8667,153.5667,61.79,96,100,18.5,AU,1684184196
544,villa bruzual,9.3328,-69.1208,89.44,50,100,3.89,VE,1684184393
545,prachuap khiri khan,12.2167,99.75,71.83,95,80,2.75,TH,1684184394
546,copala,16.65,-98.9833,88.54,54,3,10.47,MX,1684184394
547,antofagasta,-23.65,-70.4,66.7,78,9,6.89,CL,1684184249
548,nagqu,31.5,92.0,34.16,72,98,7.18,CN,1684184394
549,iwanai,42.9744,140.5089,54.72,94,83,7.31,JP,1684184395
550,san patricio,28.017,-97.5169,84.07,65,100,7.23,US,1684184395
551,zango,13.0515,8.4877,91.54,20,100,7.18,NG,1684184395
552,byron bay,-28.65,153.6167,61.72,96,100,13.09,AU,1684184396
553,port hedland,-20.3167,118.5667,57.25,51,0,6.91,AU,1684184396
554,vila velha,-20.3297,-40.2925,76.95,82,75,8.05,BR,1684184396
555,devgarh,25.5333,73.9,79.41,52,4,11.88,IN,1684184396
556,maintirano,-18.0667,44.0167,76.01,71,2,9.53,MG,1684184397
557,kerikeri,-35.2268,173.9474,53.49,87,27,3.18,NZ,1684184397
558,weno,7.4515,151.8468,83.37,79,100,13.8,FM,1684184397
559,pariaman,-0.619,100.12,77.05,88,35,2.04,ID,1684184397
560,souillac,-20.5167,57.5167,73.78,88,40,6.91,MU,1684184397
561,sos'va,59.1766,61.8558,46.56,71,91,6.06,RU,1684184398
562,basco,20.4487,121.9702,79.88,85,100,11.74,PH,1684184398
563,bokovskaya,49.229,41.8306,51.26,83,36,6.98,RU,1684184398
564,miquelon,47.0975,-56.3814,41.0,81,97,20.38,PM,1684184398
565,san fernando de apure,7.8878,-67.4724,90.28,52,100,3.29,VE,1684184399
566,labrador city,52.9463,-66.9114,42.71,70,75,13.8,CA,1684184399
567,viedma,-40.8135,-62.9967,70.93,41,57,9.89,AR,1684184399
568,patong,7.8961,98.2966,84.34,78,78,9.01,TH,1684184399
569,redencao,-4.2258,-38.7306,75.85,96,11,3.24,BR,1684184399
570,tarawa,1.419,172.984,82.49,83,75,4.61,KI,1684184400
571,jalai nur,49.45,117.7,39.04,49,100,8.37,CN,1684184400
572,campo largo,-25.4586,-49.5283,69.42,65,65,2.28,BR,1684184401
573,sao paulo de olivenca,-3.3783,-68.8725,81.07,95,96,0.29,BR,1684184402
574,qamdo,31.1667,97.2333,31.87,86,72,4.27,CN,1684184403
575,pangkalanbuun,-2.6833,111.6167,72.77,91,55,1.97,ID,1684184404
576,fenghua,29.6563,121.4064,69.69,68,0,8.95,CN,1684184404
577,suva,-18.1416,178.4415,71.08,94,75,5.75,FJ,1684184405
578,bonthe,7.5264,-12.505,81.9,77,100,7.27,SL,1684184406
579,mili,6.0815,171.735,82.18,80,100,15.97,MH,1684184407
580,kumertau,52.7667,55.7833,50.4,75,100,4.99,RU,1684184409
